gene_ID	AA_length	seq
1	385	MKLVCSQAELNAALQLVSRAVASRPTHPVLANVLLTADAGTDRLSLTGFDLNLGIQTSLAASVDTSGAVTLPARLLGEIVSKLSSDSPVSLSSDAGADQVELTSSSGSYQMRGMPADDFPELPLVENGTALRVDPASLLKALRATLFASSGDEAKQLLTGVHLRFNQKRLEAASTDGHRLAMLTVEDALQAEISAEESEPDELAVTLPARSLREVERLMASWKGGDPVSLFCERGQVVVLAADQMVTSRTLEGTYPNYRQLIPDGFSRTIDLDRRAFISALERIAVLADQHNNVVRIATEPATGLVQISADAQDVGSGSESLPAEINGDAVQIAFNARYVLDGLKAMDCDRVRLSCNAPTTPAILTPANDDPGLTYLVMPVQIRT
2	237	MAWMHPPVHRLLGWVSRPSALRTSRDVWRLDQCRGFDDQQVFVKGAPAEADQITLDRLPTLLDADLLNADGERVGIIADLAFLPASGQISHYLVARSDPRLPGTSRWRLLPDRIVDQQPGLVSSAIHELDDLPLARASVRQDFLQRSRHWREQLQQFGDRAGERLEGWLEEPPWDEPPAVSDVASSYSSTAAPTVDPLDDWDDGDWTDAPRVERGRSVRNDPTDRNDWPDHEEDPWV
3	777	MTQSSHAVAAFDLGAALRQEGLTETDYSEIQRRLGRDPNRAELGMFGVMWSEHCCYRNSRPLLSGFPTEGPRILVGPGENAGVVDLGEGHHLAFKVESHNHPSAVEPFQGAATGVGGILRDIFTMGARPIALLNALRFGPLDEPATRGLVEGVVAGIAHYGNCVGVPTVGGEVAFDPSYRGNPLVNAMALGLMETDEIVRSGAAGVGNPVVYVGSTTGRDGMGGASFASAELSADSLDDRPAVQVGDPFLEKGLIEACLEAFQSGDVVAAQDMGAAGLTCSCSEMAAKGDVGVELDLDRVPAREKGMTAYEFLLSESQERMLFVVRAGREEQLMQRFRRWGLQAAVVGRVLEEKVVRVLQHGAVAAEVPARALAEDTPINKHELLSEPPDDIQTHWTWRESDLPSPAIDRDWNADLLRLLDDPTIASKRWIYRQYDQQVLANTVIRAGGADAAVVRLRPQQGDASLQMSQRGVAATLDCPNRWVALDPERGAIAAVAEAARNLSCVGAQPIAVTDNLNFPSPETSKGYWQLAMACRGLSHACRSMGTPVTGGNVSLYNETRADDGSLQPIHPTPVVGMVGLVEDLDRSGGLAWRQPGDFVVLLGVSTDEEGNESVGLAGSSYQGAVHGLLTGRPPSVDLELEGQVQALVRQAFAQGVLASAHDSSDGGLAVALAESTLASGLGVDLNLPHRSARLDRVLFAEGGARIVVSVRAEQRSAWHSLVASQEHRSVPVTEIGTVADHGCFRLAVEKHPVIDLAVETLREQYEQAVPRRLGAV
4	501	MQNLETHPKSRRPVHQLEIERPDRMEEACGVFAVQALEQPVANLVYFGLYALQHRGQESAGIAVFNEGKVRLHKDMGLVSQVFDQDVLERMPGGLAVGHNRYSTTGSSKVCNAQPVVLMTRLGPFALAHNGNLVNAAELRAQVDDGEVEFTSTTDSELIAYAVQQAVDGGLDWTEGIKVAASQCQGAFSLVIGTSDALYGLRDGYGIRPLVYGYLGEQDLGHWVLSSETCGLDIIGSPFVADVEPGELVVFRCGDPTPERHRWIEPTTRMCVFEMIYFARPDSRFFGESLYSYRQRIGQILARESAVDADLVIGVPDSGIPAAIGYSQSSGVPYADGLIKNRYVGRTFIQPTQAMREAGIRVKLNPLPDVLSGKRVLVIDDSIVRGTTSKKLVQALRDAGAIEVHMRISSPPVTHPCFYGIDTDTQDQLIAARLTLQEIEEHLKVDSLAYLSKEGMVEAAHAQSEHFCTACFDGNYPVPMDASIKASKLMLEPSGVAATNL
5	820	MAEERVQSIALHHEMQRSYLEYAMSVIVGRALPDVRDGLKPVQRRILFAMHELGLTPDRPYRKCARVVGDVLGKYHPHGDQAVYDALVRLVQTFSSRHPLLDGHGNFGSVDDDPPAAMRYTETRLARISHEGLLDEIGDDTVDFASNFDGSQQEPTVLPAQLPFLLLNGCSGIAVGMATSIPPHNLGEVVDGLIALVQNPDLSENEVLKLIPGPDFPTGGEVLLGSGVRETYLRGRGSIPMRGVAHIEEVHPGKGKHRRNAVIVTELPYQLSKAGWIEKLAEHVNDGKIGGIADIRDESDREGMRVVVELRRDADPETVLTDLQRRTSLQSNFGAILLALVDGRPQQLTLRQLLQTFLDYRELTIIRRTNHALRKTEDRLEVVEGLTTALASLQQVIAMIQEARDAAKARASLMVHFDLSERQADAVLAMPLRRLTGLEQESLRKEADDLRKERQRLTLLLENRDQLLDALIQELRQLKKRFATPRRTRLVEGGDHLLAERAASQRPNAELQRRQALDALPSDSRLLIQDDGQVKIVSPQLLGRLHLNDPIPMGDEPSPALISLPIQPPPRLLAVTVSGRVALVRWEFAGQQQGTLERFLPTALEGDEVVSLLPLPNPEDLVANETKSLGLLTSDGRFKRLPLKDIQELSGRAATVLKLKEGVSLKAALICQDGADVAVISDIGRVLRLQAEETNLPVMGKLAQGPITMRLLPGEQLVTAIAGHAERPTTILLASQTGRLQWLELTCIRSCKRGDLGEIGWEFDSESTSGSERIAAACLADSLIGVVTSSGRHGRLKVNEQDQLTLKDNESILRLVPLIS
6	279	MSAIGLCSAEPAKALIPYVFTPSTQELEGAGIGIGRTAAQLLRLGQPKEAARLAALAVRLQPNDERLWSVLAEAQLRSEQLDDAAGSLARAKSLNPTNAGLWFAEASLALRDNRPDDAIPLLDRGLKLDPKNATAYFDLGNARVMQSNKKQALKAFERATAIKPSFWEALNNQSLVLFEMGNTKEAIRRWRSVLTINANPEPMLALAAALNKVNPGDQESLELAQKALAESPNYVLPGHQKKQLWGLKLRRATAELFNNPSLQNAVERAEANADPKSAN
7	324	MSSSGQTQLTAALKERARQEGFDPVGIACLPGSSRLQMRTASLQRWLDAGFQAEMGWMAAPRRLDARTLLDGARSLLAVGLNYYVSESRQPNSLAIARYAWGRDYHRVVNQRLRRVGRWLETQRPASRWRVCVDAEPLLDKAWAEEAGLGWIGKHSNVIHPQRGSWMVIGHLLSTEDLVADQPAQPRCGRCRACMDACPTDAIREPFVVDSRRCIAYHTIENRDQQLPDLIKAGMGPWVAGCDICQDVCPFNQTELPSSQDPEVQPRPWILDLSATQVEQWDPSTWDQKLRGSALRRIKPWMWRRNAASAKSVDPPTVSTSEIR
8	220	MSASPSGSQALRLSFVLRWLGITLVVLLALQMAVLLSAADWADGVFKQLLIERLVNQAPMGLIGLLLMLLGSRLDQPETARPPIRWLVCVISALLAILMIVVVPVSISGNQNLSGESDQTLEQQKGQLEMARQQSANPENVKMLGNQLTQAGQLPADASEEDQVKAAQAFIDKQLAQMEQQIKQGERQRNLAVNQRRFGGTLSAVILAVAFVLLALAAVI
9	248	MQSNTRPDLPLSARLQQDLKNDLIAGLLVVIPLATTIWLATTVSRFVLAFLTSIPKQFNPFITLNPLLQDLINLALGLTVPLFAILLIGLMARNIVGRWLLEFGEETLQRIPLAGSVYKTLKQLLATFLRDNSQRFRRVVLVEYPREGLYSVGFVTGEVGPSLQAELTEPLLSVFIPTAPNPTTGWYTLVPEKSVKDLDISVEDAFRTIISAGIVNPDEREAPVNRSFSSLISQLRGSVSPSSSTTGA
10	210	MQSRSLSRELALLVLGQCPERVDDPPDFSLDTLLQKALDSLMQHWTEVLDCCAGDLEKAQQHLLESELKDGPSSDQASVRESLQSSLTGAEQVLNGLSASLELPRLLALSNQDQVRREAMQRVTFVLKKRKAIDQMLDGVMEGWRLTRLPRIDRDILRLAVIDLSELKTPAAVACNEAVELAHRFSDEQGRKMINGVLRRLQNAPSLVLS
11	551	MVYDWFNRGSVPPETPADPLVDPEVQSDQSSAPQPSATEPSGTQPADVQASEPQSTESEDDSLEWARQAYARLKAQKAQAAEAAKTVQDDSTSVQNVVVPPVMEPPAVVPETVVPSVVSPSEEPPALEAPSVEPAQPAPVVEPAVVPAPTPAASASPATTPTPPAPALSFLEQAAAQRDQRQQELEQPAEPNPVPVVPADAQDAPNIDEDEPSLGDFDDAFTWSAEVLAAQGRSAEQVTLEEIDWLGRLRQGLEKTRQGFVTGLLENLGDDPLTPEVLDDLESLLLRADAGVQATDQVLDALRQRMNEQVVDPSEGIRFLKEQLRDLLDEPIKSSAVEVLAPQRDRLNVWLLVGVNGVGKTTTLGKLANLAVRSGYSALIAAADTFRAAAVQQVQVWGDRSDVPVVANPSANADPAAVVFDAIGAARSKGTDLVLVDTAGRLQTKHNLMEELEKIRRVVDRLAPEAHVESLLVLDASQGQNGLKQAMAFARAAGLTGVVITKLDGTARGGVALAVASEAKLPIRFIGAGEGIRDLRPFNSFEFVEALLASR
12	436	MSREQRSNQELLVSLGFALRSFSNLNRFLELVPVVAARLVGVQGSLLVPFQADGRLWRDQLHMLPGSRTEGMLRALAAHEPGNIIGFGSDESLVRAMDRLVQRQLGSAGLFATSLIARGRPRGRLYVFNPSSPLAWSDVYRRHVQLVADLTGVAIENDLMLQEARRHERVDRQLSIGADIQAQLLPDHCPVIEGVDLAARCRPAFQVGGDYYDFIPTRPELIGRRRERGRWAFVMGDVMGKGVPAGLLMTMLRGMLRAEVLSGLPPDRILYDLNQLALEDLSQSHRFVTLFYSDFDPRTRRLRYANAAHNPPLIWRAQSRKLMRLDAPGLLIGLQPEAEYGCESLVLEPGDVLLYYTDGVTEAPGITGDRFDEARLMRSLEQACRSGTGSQGILDQLFSRLDRFVGPTRQLDDDASMVVLKVKEEIMLPSVPRSLA
13	472	MAGGVTGGGSATWSDRFEQGLHPAIERFNASIGFDITLLQEDLDGSIAHARMLADCGVIQVEEADQLVGGLEQVRQEAASGLFQPGLADEDVHFAVERRLIALLGPVGKKLHTGRSRNDQVGTDLRLWLRRRLDELEQHLLGFQRALLDQANLHSNTLIPGYTHLQRAQPLCLAHHLLAYVEMVERDRQRMADLRKRLNLSPLGAAALAGTPVPIDRRSTASALGFDGIYANSLDAVSDRDFTVEFSAAASLVMVHLSRLAEEVIFWASEECGFVRLTDRCATGSSLMPQKKNPDVPELVRGKCGRVFGHLQGLLTMIKGLPLAYNKDFQEDKEALFDVVATTSQCLEAMTILLQEGLSFRTERLEAAVAADYSNATDVADYLVAKQVPFREAYQLVGAVVKHCLQEGVLLRELTLERWQQFHPAIEADLFEALTPRNVVAARTSEGGTGFDRVNEQLAIWNQRFGLADQVF
14	181	MSIFVGNLPFRAEQEDIIELFSTYGEVTNCALPLERDTGRKRGFAFVEMSDEAAEASAIEALQGAELMGRPLRINKAEPRGSAPRRDFGGGGGGNYGGGGGGNYGGGGGGNYGGGGGGNYGGGGGGNYGGGGERRSGASGWEDRSYGSGAPPAGGSAYDDGRTRRRRGGADDNSGYGGAEG
15	334	MDSPLNPDREPAWRFSVAPMLDCTDRHFRMLMRQISKQSLLYSEMVVAQALHHSKRRERLLDFDAEEHPIALQVGGDDPALLADATRMAADWGYDEINLNVGCPSPRVQAGNFGACLMAEPQTVARCVEAMVAASSLPVTVKHRVGIDDLDSDDLLRQFVDQVAEAGALRFSVHARKAWLEGLDPKQNRTIPALQHDRVIALKESRPALTIELNGGLDTPEDCLNALKHCDGAMVGRAAYAHPLRWREIDSLIYGAAPRQVLASDVVLGLIPHAERHLQRGGRLWDLCRHLVQVVEAVPGARYWRNNLSTKAQRAGAGIEIIEEAAQQLLDAGL
16	166	MQPWLLSRRSMLLASIAGMVGVLRAPDQVLAASKAGEATWDLSDGEWKKRLSPEAYQVLRQEGTERPFTSPFNNEKREGTYLCAGCDLPLFASTAKFDSGTGWPSFWQPLPGGVETKVDFKLILPRTEYHCRRCGGHQGHVFNDGPRPTGKRYCNNGVALRFQPTA
17	410	MIGGGPAGFMAAITAAERGVRDVLILEATPEVLTKVRISGGGRCNVTHACWDPMELVGHYPRGSKPLRGPFSQFACGDSIAWFDEHGLTLVEESDGRMFPQQNRSEAVVECLRRAALAAGVKIQCGSAVRELSCSAGGDFQLCDQRSALHHTKRVLLATGGHPSGRRLAQDLGHRIVPPVPSLFSLKLQAPALTACSGIALDDVSLDLKVGDQRFREKGRVLITHRGVSGPAILRLTAFAARALHASRYKGELRVDWSGGLGRERVQQRLQQARREQARRTLVAAKPFENLPRRLWLAFLTQAGVAGERRWADLPVKAERNLVETLCAQRLSVQGRGPFGEEFVTAGGVDLGEVNLATMESRRCTGLYLAGELLDVDGVTGGFNFQACWSGGWLAGKAIAAALAPVDGPT
18	1111	MSLKSFFMSDTQAPQLLGVTLDTTTLDPSTPGGAFLSGAITFSDDLSGLSNIYITYTEVNSGQEIQLSFNLSEFGGNALTGNALNGTITSSRQLDRFAASGDYIISSIQVDDQAGNGEFYSRFEDNWDTQLDALNIAEAARSFTVANSSADTQAPQLIDVTLDTTTLDPSAPGGAFLSGAITFSDDLSGLSNIFITYTEVNSGQEIQLSFKLSEFGGDALTGNARNGTITSSSQLDRFAASGDYIISSIQVDDQAGNGEFYSRFEDNWDTQLDALNIAEAARSFTVANSSADTQAPQLIDVTLDTTTLDPSAPGGAFLSGAITFSDDLSGLSNIFITYTEVNSGQEIQLSFKLSEFGGDALTGNARNGTITSSSQLDRFAASGDYIISSIQVDDQAGNGEFYSRFEDNWDTQLDALNIAEAARSFTVANSSAEPQTGEDSSAPTITGLNLSATTIDPSQPGGAFLTADVSFTDDASGIDFLFLSFESVDSNQEITFSLLPSDSLEGNLLEGSIGTSEFIDPFAANGEYVLRQIEGSDKAGNQFVFRDNSELPVDNSDWEQFLSDSNIQQTSFEINNSQSDITAPTITGLNLSATTIDPSQPGGAFLTADVSFTDDASGIDFLFLSFESVDSNQEITFSLLPSDSLEGNLLEGSIGTSEFIDPFAANGEYVLRQIEGSDKAGNQFVFRDNSELPGDNSDWEQFLSDSNIQQTSFEINNSQSDITAPTITGLNLSATTIDPSQPGGAFLTADVSFTDDASGIDFLFLSFESVDSNQEITFSLLPSDSLEGNLLEGSIGTSEFIDPFAANGEYVLRQIEGSDKAGNQFVFRDNSELPVDNSDWEQFLSDSNIQQTSFEIKRSDSDNGAVDADNNGLVDNTPVYTLFNDGDPLTITKERSDGSTRTFSATGIPNWDATQAVNTEDNSGNFYVLLEGADGSTREDQFKVWTTDISGSIASSTGWRSAEQLVQAGWEERFNIDFDGDELIGIPTADEDQNGLVDNTSVYTLFNDGDPLTISKQRANGSTRNFSATGIPNWDVTQAVNAEDNSGNFYLLLEGADGTTREDQYKVWTTDKTASFLSGTGWRSAEQLSDAWGEFFSILNSTDSTTTSISV
19	426	MVSFTATYTSATGQPRTVTVKANDAVSARRLLRRRGIKADELRQDTSKRKGKEKFQAESKGAGGSSSAGWLSMDLGEAFQKPPGVKEKAIWASKLAALVDAGVPIVRSLDLMATQQKLPMFKKALTSVGLEVNQGTAMAAAMRQWPKVFDQLTIAMVEAGEAGGVLDESLKRLAKLLEDNARLQNQIKGALGYPVAVLVIAILVFLGMTIFLIPTFAGIFEDLGAELPLFTQLMVDLSALLRSSASVVFAGILMIGAWLIGRYYNTHKGRRVLDKLILKLPLFGDLIMKTATAQFCRIFSSLTRAGVPILMSMEISSETAGNSIISDAILDSRTLVQEGVLLSTALTRQKVLPDMALSMLSIGEETGEMDRMLSKVADFYEDEVSTSVKALTSMLEPAMIVVVGGIVGSILLAMYLPMFTVFDQIQ
20	357	MELMIEDLMEQLVNGGGSDLHIASGQPPYGRFSGELRPMQEEPLSEEGCNRLIFSMLNNSQRKTLEQTWELDCAYGLKGVARFRVNVYRQKGSYAACLRALGSKIPSIQLLNLPPVVVETSKRPRGLVLVTGPTGSGKTTTLAALLDHINHTRAEHILTIEDPIEFVYTSDLSLVHQRQLNEDTRSFANALRAALREDPDVILVGEMRDLETIQLAISAAETGHLVFGTLHTSSAAQTVDRMVDVFPPSQQTQIRVQLSGSLTAVFSQTLCRRQNPAPGQFGRVMAQEIMINTPAIANLIREGKTAQLYSQIQTGGELGMQTLERALANLIDQGEISLDEGQSKASKPAELERLLNN
21	502	MAGRFSQQNQRVRPSSKEDQVVQKAREHFERTLIPLRGHLAGSVAALEHPRHDEALNYGEIFLRDNVPVMVYLLTQKRFDIVRQFLTICLDLQSTTYQTRGVFPTSFVEEEGHLIADYGQRSIGRITSVDASLWWPVLCWMYVKSSGDEEFASSQAVQRGVQLLLDLVLHPTFEGTPVLFVPDCAFMIDRPMDVWGAPLEVEVLLYGSLRCCTQLMELGRKHHNSRLLDQRLVLTRQWVHDLRQFLLKHYWVTSKTMQVLRRRPTEQYGDNQHQNEFNVQPQVIPDWLQDWLENRGGYLIGNMRTGRPDFRFYSLGNSLGCLFGLLTAPQQRALFRLTLHNRDHLMAEMPMRICHPPMESLEWQNKTGSDPKNWPWSYHNGGHWPSLLWFFGGSILLHERRHPHADVLLMGQMKALLEECYWSHLNQLPRQQWAEYFDGPTGTWVGQQSRTYQTWTIVGFLLLHHFLRVNPDDVMLLDLDEGAVPDPADEFPEDNDHDWDHH
22	160	MHILKKPDLNDPKMRAKLAKGMGHNYYGEPAWPNDLLYIFPVVILGTIACIVGLAVLDPAMLGDKADPFATPLEILPEWYLYPVFQILRVVPNKLLGIALQTLVPLGLMLVPFIESFNKFQNPFRRPVAMAVFLFGTATTIYLGIGAAMPIDKSLTLGLF
23	218	MANSSPVYDWFQERLEIQDIADDISSKYVPPHVNIFYCLGGITLVCFLIQFATGFAMTFYYKPTVAEAYTSVQYLMTDVSFGWLIRSVHRWSASMMVLMLILHVFRVYLTGGFKRPRELTWVTGVTMAVITVSFGVTGYSLPWDQVGYWAVKIVSGVPAAIPVVGDFMVELLRGGESVGQSTLTRFYSLHTFVMPWLLAVFMLMHFLMIRKQGISGPL
24	433	MLPTVNGWPDRLRRLAFGLASAILIVLIASPQALALNDAQQLVVESWRLVNQGYLDPDQFDRIRWKRLRQKALENTIENSEEAYSAIEAMLLPLNDPYTRLLRPADYEVMKASNEGNLSGVGLQLGHRQDSNATVVIAPLEGSPAAEAGIVSGTEVLAVNGEAVEMLGLETIAARLRGAVGTQVVLTLLPPQGEQQEITLERRNIDLRPVRTRRLRSDTHTLGYIRITQFSEGVPEQVRAAIDELSDKSVEGLVLDLRNNSGGLVSAGLAVADAFLDQQPIVETRNRSGIADPIQAGAEVLYSGPMVTLVNEGTASASEILAGALQDDERSLLLGSNTFGKGLIQTLTNLSDGSGLAVTVAGYVTPSGRDIQGEGITPDRILDGPEPLNPGGEGDRWLSDAELVLQSMIDQEASQASPDPMPITDDVEAEPTS
25	415	MGSRTYHDPLHHGISLDADQPAEAMVLALVDSAPFQRLRRIRQLGPAFLTFHGAESSRFTHSLGVFAIARRAMDRLIELDPSLDKQKGVLYAAALLHDLGHAPLSHSGEEMFGTHHEQWSARVIREHPDIQAPLEQFSTGTAASVADLLEHGRAERGVIKALVSSQLDCDRLDYLLRDSYSTGARYGQLDLDRILGAITLAPDGELAIHPKGLMAVEHYLVVRSLMYRSVYNHRLNVVCNWLLDQLIRQARLLGPSRIWADQTMQAWLWQTQELDLHSYLANDDLRTGYHFQRWREEAPEPLADLCDRFLNRRLFKALDVSQMDASTQLELLAKAQTYSAAAGLDPEMCCGLRHQQIRGYHPYRGGLRLWDGQSLQALEQCSPLVNSLAIPAASAWLIHPGEITTELHVAMASIR
26	226	MTAEPTPQVPYSLRLPAFRSVSWQQWLPAQLPSLPPGDLDLDIGDWSLSCRDLDELLHALDEAGHGVQLLITRCRDTLISAAALGLSVREASNVIPTREARDDQPNATKTMVDLTVHRGTLRSGDHIETQGHLLIVGDVNPGGSASAEGDVYVWGRLRGRAHAGSKGNSNAKIVALQLRPLQLRIAELVARGPEDRPQPGLAEQACILDDAISIEPASPPFLPQQI
27	271	MTNSRTILICSGKGGVGKTTLTANLGIALAGQGARTVVLDADFGLRNLDLLLGLENRIVFTAQEVLAETCRLDQALVKHKQEPNLALLPAGNPRMLEWLKPEDMQTIAGMLSERFDYVLIDCPAGIEDGFKNAVAAAKEAIVITTPEVSAVRDADRVIGLLNTHGVSPVQLVLNRVRPKMMANQEMLAVDDVTDILALPLLGLVLEDEQVIVSTNRGEPLTLNGSASPAAKAYGNIARRLQGEDIPLMDPAKDGRRGIRARVRQLMQTKIF
28	92	MTLQDLIDKILRRQPASATTARERLQLVLAHDRSDLSPETLDQMRREIFEVVAKYVDIDLEEGDVSLETEDRVTALVANLPIRRSMATSSQD
29	80	MTNFQLTPAEIGVLNLLLQGCSNHAIAEALVLSVRTVESHISSSLRKTGCRSRLQLSLWWMHQVSADQRMCAGRVRSLPA
30	57	MLWLIALVLVLQALFHWTLEPAIRWFTPLFELRVLPLLLGLVGIWLLAGRTDSDRVP
31	205	MTNDESSLMSAKELAQHLSDGGAALLPTDTLPALAAAPDHAAQIWTLKQRPQDKPLILMAAQADQLLALTIEDARVDAETLARRFWPGALTLVLPVEGHLTQRLNPGQATLGMRIPDCDLTRALLAQSGPLATTSANASGAPPTQSAEEAAIAFPDLPLLAPLPWPDPSGLASTVIAWTSPGCWQLLRQGAVMVDVIERSPPCSG
32	297	MESASCSGQELLAWRRRQLLRGGRAVDLDWLLAMEANLSWAELQRLRILPESTASLASTLQDLEKLWAVHLQNHVPLQHLVGRCPWRDLDLQISPAALIPRQETELLIDFALDCLQDPLTAGCASAGRWADLGTGSGALAIALARALPGWDGHAVDLSAAALELARINLNALTTSRTWQLHQGSWWDPLDRWWGQFDLVVANPPYIPSEVVEVLDPLVRDHEPRQALCGGEDGLDCCRAILERAPESLSPGGWLLLEHHHDQSDQVLGLMRSAGLVLSRACSDLSGVKRFAIARRPL
33	125	MARSLGIPVWVVPGDALRESSQGSNALLQSGALPLINTQSLMDQLGAGPCVSSFGQGDASALKSKKPQTSDPVQTHLLKLVDEDSSFDEMVQALQSNPERVAAELLKLELEGLVVAQPGLRWRSL
34	113	MRQLCSAAAEAPQGFQELWSWPLSKLHKEFAWPASVLSLLKGYRASIGLRPCIEVPVDVLLLCDPAWPAGFERLERPPLSIQWRGRRRLLSLLVAVTKAVVVVECPENSVALR
35	149	MVNESVTRHPWRLVKRVLPQHTDHGGVMWHGAYVGWLEEARVEALSATGYPYEAMASVGLEMPVVQLQIRYREALMLGDEVELISVSSAPQGVRWPWSTRFIKNSVCVAEASVELALVSVHPVRRVLRHPPEAVAEAFRALADGPQQGL
36	282	MFKNLLIADSGKGHVGEMINMLRDLPAFQAARINLLHVVPEQTMAATQQHWESAGSLLAESVERLGLNPQDVNSIIRQGDAKQTVLSVADELNVDLIVMGSRGLGRLRSILANSASQYVFQLSTRPMLLVRDDLYIRHINRVLVTIDGTGVGDDALKLACEMVREIPGGQLTGVHVARQDPTPSRGAARKSDTYLDRAVQRARKLGVELKPLHVTDSDIGKGVCMAAETVNADLVVLASQDRRPLVARGLVDLDKLLGGSVSDYIRVHAPAPVLLVREPEQR
37	34	METNDLGFVASLLFVLVPTVFLIILFIQTNSREG
38	229	MYASGCRELQRELTVAEVIEILDPAAFLALLVFAAISGRGVTKRNLGLVVSIPRRVAAPFSARGSMPVIRFVREGRDVECFPGENLRAVAVREGIQLYGLKGQLGNCGGCGQCSTCFVKVEGETSTAAMSPRTAVEEAKLRRRPEGWRLACQSLVEQSVVVVTKPQASMPDQDKRVAAALAAPLPSGPLEWPGASAVDEDADDTSVTDETKRPLEVSGQGSPATPGEER
39	519	MGLPWYRVHTVVINDPGRLLAVHLMHTALVAGWAGSMALYELAIFDPSDPVLNPMWRQGMFVMPFMARLGVTDSWGGWSITGATGVDPGFWSFEGVAAAHIVFSGLLMLAAIWHWTFWDLEIWQDPRTGEPALDLPKIFGIHLLLAGLGCFGFGAFHLTGVFGPGMWISDPYGITGHLEPVQPSWGPEGFNPFNPGGIVAHHIAAGIVGIIAGIFHITTRPPERLYKALRMGNIETVLASAIAAVFFAAFIVAGTMWYGAAATPIELFGPTRYQWDQSYFKTEINRRVQTAMDQGQSESEAYASIPEKLAFYDYVGNSPAKGGLFRVGPMVNGDGLPTGWLGHIAFTDKEGRELQVRRLPNFFENFPVILEDSDGIVRADIPFRRAEAKYSFEQQGVTASVFGGALDGQTFTDPADVKRLARKAQLGEAFEFDRETYNSDGVFRSSPRGWFTFGHATFALLFFFGHIWHGARTLYRDVFAGIDPDLGEQVEFGLFQKLGDRSTRRLPEGYVPPAGTPLS
40	31	MESFAYILILTLAIATLFFAIAFRDPPKIGK
41	22	PADQPHENFVFPEEVLPRGNAL
42	219	MAITAGLLLAHSVVQVGIYGFGAEKHWLDSLNMDRELNLPTLFSSALLLMAALLMQRLGEGSDRIAAQDWRLLSKIFIFLALDEALQIHEILIIPGLRHQVHPALASTWVVPYAVLALILLWRFRRFLGSISRATASRLLRSGAVYIGGAIGMEMIGSFAVRSSLIRLHSPWYGAITGLEEALELLGIVLLIDALLRALLDQRNGLDLTLRLGPDSDSN
43	311	MAVIYTRGRALKTAFTALFVVVAGASLLTMAVQLVMAASGGSQPDLGWGVVAGVSTGLAVWATRSQGLLRLLSDADPWAHQSRTRAVWGLLALVVLLVVGLKTGSPDRDAYKNLVFGEGGLVEWSQVLVLVLASRTAWLIGSDLNARLQVRRPGRLFQCGAACLALVLMEELAWGQVIFSWRTPPLLNEINAQNETTLHNIGWFQERLDLGTFLATLGVLAVVVLAPRWMGALTKHCSESMAPVVRALTPAVYSWPLFLAVSALAFCIATRTCSELILNRDQEWGELVLYASIYLLLLRTRVLLGPVQHAP
44	543	MRRPSGIDASSPTRWPSKVLAMAGLFALICFGLQAWRLFSLSATYDQALFLQELWATAQGRPFESSLSSVLSGAVVVGDGLPSIDYLHLGQHANVLTVLMAPLVAVFGMWALPLLQVGLLTAAGLVLWRLADSRLPRPLAERITLAYFLSGAVIGPALENFHDLVWLPLLAFLVVGGLLDGCRWRVWLFGALLLLVREDSGLLLFSLGLWALVRRPDQRITGALLIGVSFAWVVLVTGWIQPMVDSSLSDRFLKEKFGHLVDDPSGGTVSVLWAMLRQPLALLEALVSPPGATLGFVLALSLPLVLVPLFSVDAALLMLAPLLIALLSQGRSALSVTLRYVLALVPGLYLGAVLWWQRHQEAWSKPWLRRCWTAALSLGLVLTLVGNPHRTLSAVIPDSFSPWAYVSPQQMLNRRQAALQAVALIPSDASVAADTPLLPLLAQREAAIRFPRHVQYRDRQGRVQPVDWVVAIPDYHTPLAPVFKGSRNKQQRIQRELRNLKASGDYRLVHCHGGAVVLQRQVPDTAPGPMASSGSSNSCPWLE
45	482	MTSSPSADARPSQPRGCPPLLLALCAGLGLLLWGVAAARHDLLQSNAYDLGLFDQWAWLIGSGAAPISSMEQVHVLADHGAWMLYLAGAAYRILPSIHWLLASQALALSCTALPVWWLAKQAGLGPRQCWLACGLWWLQPVVFNTALFDFHPETWVMPAFALALWAERNGHSRLWFGLLLLMLGCRDGLVLITAGMAIDLACRRRWRWSLAAGGLSIGWLLMLSRWLYPLLRGGEGPKAAARMFNHLSGDPLTVLSGLDWVGGAEYLLLLCLPCIALWRRASLSTLLIGLPLVLVNLLSASASYRTLVHHYSLPLALVAVVACIDGLRGKAQPQRGFPWILCWAMACWLALAKPWFFSGPYLTRVPQLQGVNEAQALIQPEDAVLTTSYLVPQLSQRTNIGFPKKKLSPFPKAGPWNVLLLNPADPGWGSSRKVQQRLLTQARDKNWSCQSWPSGLELCRAPAAAKQQRHRGNAPSGNRPTP
46	511	MRRHPASSGTIPRPTWLPIGLGSLLRLVQIWMPVLGVHSWRQADTAAMARHFSLAGTPIWLPQVDWSGASAGFVESEFPLYPFLVSRLYGLIGVQEWLGRGLSVLCSALTIWLVMRLGRRWFNPEAGWWAGLAFAIAPLGVYFGRAFQAEALLMLCAAGALESLSLWRKRRLPWSLALSWVCFTSAGLIKVIPLLWLGLPMLMVQLSSNPQGQAPPLQTLPSRVLRLLGRPGFWLYIGTSLMAIASWYWHAHQLGQTSGLSFGFWGSGADRSSISLLLDLNGWINLLLRVILRLLAVVGVPFLLIGLRASWRSGGGQISISGLVGVLLCTIATMRSSTIHEYYQLPLLLFSSPLIGLGWQAWHQRQPRWQPRLLLSLALVVSLTVLSLDYWAVEHRQREAWMPLALTIRRDLPSDARIVSVTSTDPTLLNLARRQGWLISSKQLTPERLQRWKQAGASHLAGSFVWDKTYRPMPQRRQQLLREMVEASPHAWMDSRSQTYLIPIDDLQPQR
47	376	MSSTAEREGPTSHSGLSIVLPTFNEGGSIRQVIESLLHLGTDHPLEILIVDDDSRDGTPDLVRALARQDPRIRIIQRVGRSGLASAIKEGLIAALYPTAVVMDSDGQHEPTSVGEAVQLLDREGLDLVAGSRFLDRSEIRGLSDRRTDGSTLANRLARWSLPRSYRHLSDCMSGFIVLRLDRCLPLVRQVDVNGFKFFYELLAISRGRLHVGEIPLRFQPRLHGSSKLDLAVLWDFVVSLIHTATLRLLPRRAISFGLVGASGVVVQLLSTALLMGLFNLAFQQALPVAVITAASSNYLVNNALTFRDRRQSGRQLIRGLLKFLLVASLPALANVGLATSFYTLIQAHTLWAQLAGIVVVYVWNYAASSRFVWNNP
48	531	MRSGSAPDAAPWIALVALGTAAAVLALIGLGDLPLRDFDEATVARVALELRHGLGEAPLLPTLWDKPYLNKAPGLHSLIALVIGATTQHNQLPSEWTIRLAPALLSCLVVPLGGWLQWTLRPGDRSSALATSVILLTLLPVARHGRLAMLDGTQLSAMALLWLALLKLNGSRTSALWGAVAGLMASAMLLLKAPLLVPAAVAAGVALACSQEWKSWTNKSAALIGMLLGLAPGIGWHLWHAHIRGSEALWLWGGDGAGRVLLDAGEGSDLGWRVPVIEVLEGGWPWLPLLPFALVWAWRCRQSRWSRWSLASLLTLAGAILPLRTQLPWYSHPLWLPIALLCAPLLAWLVERPSSSSNSPGNPQPPWRWLLSRLPMFWCGLGLLLLLLWLASFNSIGSSLEPYRDLAVVLGLGWCGGGWWLRSGAPQRRRMGVISLSCGNAAALALLFHSPLWLWELNETWPVQPVAALARANPGGEIRLKGYDERPSLNWYAEQRIERFKGGPGRRLSDKPQKDCITEGQAGRWTLANCR
49	386	EARVGELEATQFSTTTKLRGQADFFMGAVKYDDRDECNEEVAGACESDGFNFSYRYTLNLDTSFTGKDRLYTRLRSGNMSNVWTESDSYLSDAKSGDNTLKVDKLWYSFPIGDEFKVTVGPLIENYYMIETPTRYKPILKAFKLGGYGAVLGASTGQGFGVQWRQDVDPGDAAFNIAVNYVADGGDGAKSTSKKQMFGEDTDAYLLSQVGYGNRKWYLSALYALKNARQPDGSSTAKAAMGYSTPTAKNLAHPLHAVGLRGYWSPEDSGFIPTISAGLDFGWADSEYYGNAEAVKGWMVGLNWNDAFMEGNKLGLGFGSYSSYATEIRDRPNGGDQNFAIEAYYDFAVTDNITITPAVFWVDDAKGKDQIDGANKLGGLVKTTFKF
50	74	MPKPSAISVFAAATSLLVASAPSVHAQSAGGLKEWNTDQDVNEESVLDSDAAALKKKAEQEDICVPIGEGENCW
51	222	MDFLTHSLLPLHEVRDLQQRLSAPNLPWRDGRLTAGDQAALVKKNYQLDPNAELTLAISNCISTALTSDPLVKSFSLVRKVHSLLVSRSSAGDSYGWHVDNPFSRHGRRDLSFTCFLSDEDSYEGGSLMIQTGGEDTKEFRLPPGQVVLYPSSTLHCVTPVLSGERYVCVGWIESYVKAADDRSMLFTIDAGARGLLARHGRSDELDLIFQSYTNAVRRLSS
52	334	MRRFFAALSLVAPIAALPSVEAKEVRVYSGRHYNTDRAAYKQFSEETGIKVRLIEATGISLVERLKREGENSNADVILLVDAARINNAAEAGLLQPVSSSELQSNVPSRYRDPSNRWFGFTRRVRAVIVNPNVVDPKTIKTYSDLANPALKGKLCLRKRKNVYNQSLVADQIILKGKSDASVWVKGMVKNVSQPYFGGDVSLIRAVGQGKCGVGLVNHYYLARMQAGASGKNDQRVTSNIKLIMPNPAHVNISAAGVAKSAKNKAEALQFIEFISSPKGSRLIAGPTFEYPLKNLGTSKELKAFGQFTPDNISISALGATQKTAIKVMADSGWR
53	194	MLSTTNSVSASSIACGPSGRAIAEAIDPDLLSAIQAHLNMERQAHASYFAAAIWFAERELRGFSRFFRDESNSEHEHAAKFAEYIIARGQSVALQVVDAPLQNWASPADVMATAFQMEVDVTASLQQLYSMAERVSDTRTTVFLDPMVEMQTQSEHEFAHLLGRVKFADNQAAALLLIDNELDQGNNKPASLQG
54	103	MILDGVMTSFKVELRMPDGVKYFECPDDEYVLEAAEQAGIDMSYSCRAGACSTCVGKIIEGTVDQSDQSFLDDEQMEDGYSLLCVAYATSDLIVKTDCEEELW
55	69	MNLLRESQISLVDQYLNASCFNKISDRIYQNMLSYESKADPIEKKLIKRIKEQVRKGKVVLSSESKVKA
56	255	MSTSQILWIDLQPSLYCLFKRTAQSLDQHFEVKRWSFEHDLDESCDVEVVHSLMRHTIENSSTPVHLVGHGISGTIAYLFAQKYPNNISSVSVLSVDTHSTNQWTSHYQSMRSQLPCSRFHILSHLSRLLVDAKTEQVYNIMTKLLARCLDNDLVYGSIVKSQPITNLNRAEVPILVINGEKDFVVDEQSDIRWRHCLKPGDCYQKVANGRHFFPFTEWSQTAKMIESFVRMVPEQDQNQVPNSCKNLSISKTNS
57	319	MNQMNTFDVIIIGGGPAGCSCALYTARSNLSTIILDKNPAVGALAITHKIANYPGVEGDTSGEELLKTMRNQAINYGAEYKQAQVYGISMTDSEKTVYTPEGTFVGKTLVLATGAMGRASTLPGENEFLGKGVSYCATCDGAFYKNQEVAVYGSNHEAIDEALVLTKFASTVHWITNNKPNVKSQAVEILLNSKNVKHWKRTRLTSIHGDDQGVNAVKVQSSADRDEQMIQVQGAFVYSTGSLPITDYLQEQVPVNPNGGVRVNSDMMTDLEGVWAIGDIRNTPFKQAVVACSDGCIAAMAIDKYLNKRKDVRVDWVHR
58	169	MTFTIFFATSTGKTEDVADRLKELLPGTEAKDVDNIDSIDELVSAESLICCVPTWNTGADEARSGTAWDDLVQEIPDKDFAGKSVAIVGLGDSSGYSDFFCDAMEELYTAFLQSGAKLIGKVSTEGYTYDDSKSVIDGKFCGLAIDEDNESELTDQRLQAWVQQINNES
59	51	MLVGSAILEEFIDHIERDDLVRLRWLKRIRETGFDQALSEYRESLNRLRQS
60	93	MNSFGVLGDLCIEAEWMRRRLECASRSIQHCQHPQLKERLFAEISCYQARCFVMKDSLNMISHSLDCQSIQKFLLEELLSRCLSTVQLSCRLI
61	379	MKLVCSQAELNGSLQLVSRAIAGRPTHPVLANVLVTADAAAGRISLTGFDLSLGIQTSFAAVVESSGAITLPAKLFTDIVSRLPADGPLTLACPEGEEQTELSALTGSYQMRGLSAEDFPDLPLAQNGQPLLLSGEAFAEGLRSTLFASSGDESKQILTGIHLKVEDGGLEFAATDGHRLAVRRNGAGGQEGAESFAVTVPARSLRELERLLSARPSEESISLFCDRGQVVFLWADQVLTSRTLEGTYPNYGQLIPESFARTISLERKPFIAALERIAVLADQHNNVVKLTADPASGQLQLSADALDVGSGSESLAAQINGEEIAMAFNVRYLLEGLKAMADATVRLNLNSPTSPAVLSADEDGEAGFTYLVMPVQIRS
62	242	MPLPRQILISELLRSRLRDELGQDLGVGHQVWMHPPCHRLLGWSSRPSAFGPRRSVWRLDQLVDWLEGQVEVEGEPADTEQPTLDLLPTLMEATLLGQQQQPLGRLVDAVVDVQSGRINHYLVARSDPRLPGSSRWRLEPDRLIDQQPGQVQAALQELDDLPLDRASIRQQMLRRSRQIRDQVPDSFDDFEGRLRSFGQRLWDGGEDLIERWRDEEPPVDERRSRPRSRDWDDPDDGEDPWI
63	790	MASTPASGAPAFDQAPPAIAAQVKQEGLTPEDYNEIVRRLGRHPNRAELGMFGVMWSEHCCYRNSRPLLGQFPTEGPRILVGPGENAGVVDLGEGHRLAFKIESHNHPSAVEPFQGAATGVGGILRDIFTMGARPMALLNALRFGPLEESRNAGLMEGVVAGIAHYGNCVGVPTVAGEVAFDPSYSGNPLVNAMALGLMETETIVRSGASGVGNPVVYVGSTTGRDGMGGASFASAELSEDSLDDRPAVQVGDPFLEKGLIEACLEAFQSGDVVAAQDMGAAGLTCSCAEMAAKGDLGIELDLDRVPARETGMTAYEFLLSESQERMLFVVQAGREEPLMQRFRRWGLQAAVVGRVLEEPVVRVLQNGAVAAEVPSRALAEDTPINRRELLSEPPAVVQQHWQWQESSLPALAAEAVEPTLLQLLDDPTIASKRWVWRQYDHQVQANTVVRPGGADAAVLRLRSQQEDDPQSSNQRGVAATVDCPNRWVALDPERGGMAAVAEAARNLSCVGAEPIAVTDNLNFPSPETPTGYWQLAMACRGLSEACRVLQTPVTGGNVSLYNDTRLPDGSIQPIQPTPVVGMVGLVDNINTLVGLAWPQPAPGVAGDYLVLLGLPLDTAQDDERLGLAGSSFLQVCHGLCTGRPPHTDLALEQQVQKAVRSGIRAGQITAAHDVSDGGLLVAVAEMAIAAGCGVQLSVPSAGRLERLLFAEGGARVVVSVPEDSWPALQAALQQAGCPLQALGRVQADPQLQLRVGDRDLLDVAIDALAHAHQQGLPRRLEQPALGHNG
64	499	MKASAAVTIQWPEQSGGAPDRMEEACGVFGVLASGQQVSSLCYFGLYALQHRGQEAAGIAVFEGDRVRLHKDMGLVSQVFDQDVLERMPGDLAVGHTRYSTTGSSRVCNAQPLVLMTRLGPFALAHNGNLVNAMQLRDQLQQQGCQATGTTDSELIAFAVQAQVEAGLDWDEAIKAAARQCQGAFSLVIGTPDALYGLRDGHGLRPLVFGSLPEAEVASWVLSSESCGLDIVGARFHDDVAAGELVRFHSGEAQPFRSRWIEETPKLCVFELIYFARPDSRFFGESLYSYRKRIGQRLAQESPVEADLVIGVPDSGIPAAIGYSQASGIPFGDGLIKNRYVGRTFIQPTKAMREAGIRVKLNPLPDVLEGQRIVVIDDSIVRGTTSRKLVQAFRDAGASEVHMRISSPPVTHPCFYGIDTDTQDQLIAARLKLEEIEAHLGVDSLAYLSREGMLHCAQEQSENFCSACFDGNYPIPVEDGMRKSKLMLEPAGVAAGLKS
65	820	MADERIVSISLHQEMQRSYLEYAMSVIVGRALPDVRDGLKPVQRRILFAMHELGLTPDRPYRKCARVVGDVLGKYHPHGDQAVYDALVRLVQTFGCRNPLLDGHGNFGSVDDDPPAAMRYTETRLAPVSHQALLEEIGSDTVDFAPNFDGSQQEPTVLPAQLPFLLLNGCTGIAVGMATSIPPHNLGEVVDALVALIRNPNLSDEKLLQLVPGPDFPTGGVVLTGSGLRDTYLHGRGSIPMRGVAHIEEVQPGKGRHKRNAVVITELPYQLSKAGWIEKLAEQVNDGKVAGIADIRDESDRDGMRVVVELRRDANPEQVLAQLHKRTALQNNFGAILLALVNGQPIQLSLRQMLQQFLEYRELTMMRRTRYALRRCEERLEVVEGLIKALDDLAKVIQMIQDARDAASAKASLQVHLDISERQADAVLSMPLRRLTGLEQESLRQELEELRQEQSRLRHLLDDRKSLLDTLVSELKHLRKRYATPRRTALQEGGDELVAQRTAAQRPNTEMLRKQALANVSSDQQLLWQSDGILRLVTPQVLGRLHLLDDLDFGDHGCSAKLLLPVQPEPQLLAFTSGGRVAALRWEFAAQQPGPLERFLPDSVDGQAEQVVDVLVVPPADQDFSVGLLSSDGRFKRLAGQDLRELSGRATTVLKLKDGVQLQRVVMCRPGDDLAVASSTGRMLRLPVDDSTIPVMGRTAQGPVLMRLLPGESIVGAAAVAAGGDVLLISQLGQLKRLGIDHLRRCQRGAIGEIGLRFEQRNDALTDLRSTTARLSVETQAGSLRLASDSLPVQDGRGTGQQLKLPKGQTVQRLLPLIDG
66	294	MRRWLPALCAAALLSPVLPARALVPYVYVPTSEELNDAGVNIAGAAAGLLRIGQIAEARRLGRLAVQLLPDDPRAWLVLAEAELRSSDGNNRGEQTAKAEAALARAKELDPKNAGVWFAEGSLNLRNDRPAAAEQLLKEGLRLDPKNPGAYFDLGNAQIKQGNLGAALKSFEKASGLRQNFWEAVNNQGIVLFEEDRRDDAINRWRQAVEMSDGEAEPMLALAAALYANGDDSADTLGLAVQALIKQPDYVLAAFQEDQLWGTKLVAATQELFENEQVKGAVQRAKGLATFQSN
67	303	MPADLADALKQQALEQGFALAGIAAVPSGERIAMRTAALQRWLAAGHQADMAWMQDPRRQAIELLLPGVQSVLAVALNYYVDQQQTPASPKIARYGWGRDYHRVMDQRLRRLGRWLEEQQPSCRWRACVDSAPLMDKAWAEEAGLGWIGKNGNLISPSHGSWLLLGHLLTTASLPADQPARSLCGHCQRCLPACPTAAITEPFVVDSRRCIAFHTIENRDEQVPLPLHGWVAGCDVCQEVCPWNQHHAQSSADPAVQPREWILSSTVNEMASWSDDTWSERLQASALRRIKPWMWRRNLADLG
68	216	MSELTTSRLSGLLRWIGGVLVILLGFELLAVLMANAWGEEAFHQLLVDTLLAHAPMALVGLLLMLVGSRLDFPAQGRSPLRWTVLVVGALMSLALFVAIPVQVGGNQLIQLEANRSVDQKRSEFEQAQQESQDPKLMEMLQAQLEQAGQVSAEAKPEDKKAQVQALIDQRLDQLKQQQVQAERTRDLTLGQRRWGGTAVALLLALASLAVALAAVL
69	234	MRLQQDLKNDLIAGLLVVIPLATTIWLATLVTRFVVSFLTSVPKQFNPFNTLNPLLQELINLSVGLLVPLLGILLIGLMARNIVGRWLLDFGEGTLARIPLAGSVYKTLKQILETVLRDNSTRFRRVVLIEYPRDGIYALGFVTGMLSAGMQAGFPQPMISVFIPTAPNPTTGWYSIVPEASVKDLDMSVEEAFRTIISAGIVNPDEQPSPSNRSFSSLLAQLRPTPLSAPPKA
70	203	MQNRTIARELALLILGQLQDRHAPEATTTEQLLAQAMASLNSHLRESLDQAAEELQQAQQALLDSELAEGQLPQVREHLRQGLERSEQVLNRLSSSLEYPRLLQLADQQDLRHWALLRAKAVAEAQPQLDQGIDAVMEGWRLTRLPRIDQDILRLAVVEIDEFQTPAAVACNEAVELAHRYSDEAGRRMINGVLRRYTTAAAR
71	490	MAEFDWFQRQDASESSDAQQPDDALDWAKQAYARLKAQQEAEKTAAAAHPAEPAPEPVPVSEPEAAPEQPAAAAEVLDSSVAAEPEPEPVSAVPEPAPQPEPEPAVPSAPSWLEAAAARRQERLEQLVEEEPSAEPEPELVQVSEPEAEPKLGQLDEDFLWSAEVLAAQGRQADQISLEEIDWLGRLRRGMEKTRQNFVTTLLENLGDDPLSEASLDDIETLLLQADVGVEATDQVLDLLRRRMNEAVVDGSEAINLLKDQLRNLLDAPIKSMGANPLLAPQKGRLNIWLMVGVNGVGKTTTLGKLANLAVRSGYSCLVAAGDTFRAAAVQQLQVWADRSGVPLVANPSANADPAAVVFDAIGAAQSKDIELLLVDTAGRLQTKNNLMEELAKVRRIVDRLAPDAAVESLLVLDASQGQNGLRQAMAFAKAAGLTGVVLTKLDGTARGGVAFAVASESNLPIRFIGAGEGLRDLRPFNSFEFVEALLARA
72	457	MGGTPPAHRSPAAITPAASLRQLIDSLNREQRRNQELLASLGFALRSFTNLSRFLELVPLLTARLVEAEGAVLLTFRSDGGLWREQLHCSSQSRCGELLRQLAGLQDSDLDRDAGDEAMATRLDQLVRRQLGDVQLFGTSVVAKNRQRGRLYVFSGDPQFSWSEVRRRHVQLVADQTAVAIENELLLEEMRRHERLDQQLSIGGEIQSQLLPSRCPVIEGVELAARCRPAFQVGGDYFDFIPTRPQLLGKRREQGRWALVMGDVMGKGIPAGLLMTLLRGMLRAEVLTGLPPDRILHDLNELAQEDLAQSNRFVTLFYSELDPVTRVLRFSNAAHNPPLIWRRQRHSVERLDAPGLLIGLQPDADYGCEQVQLEPGDVLLYYTDGVTEASGVGGERFDEERLMRALLAICKTVPDAQGILDQLFARLDRFVGPGRQLEDDASMVVLKVRDEVVLPTL
73	468	MTVSDGVTGGSGSGWSDRFEEGLHPSIERFNASIGFDITLLQQDLDGSVAHARMLGRCDLISAQESEQLIEGLETIRQEAAAGDFNPGLEAEDVHFAVERRLIELLGPLGKKLHTGRSRNDQVGTDLRLWLRQQIDAIDGALLRFQRALFRHAEEHLHTLIPGYTHLQRAQPLSLAHHLLAYVEMAGRDRQRLQDVRRRVNCCPLGAAALAGTPLPINRQQTADDLGFEGLYANSLDAVSDRDFAVEFSAAASLVMVHLSRLSEEVIFWASEEFAFVRLTDRCATGSSLMPQKKNPDVPELVRGKTGRVFGHLQGLLTMIKGLPLAYNKDFQEDKEALFDVVRTSLDCLEAMAILLEEGIRFRPERLEQAVASDFSNATDVADYLVAREVPFREAYQLVGRLVKLCLEEGILLRDLPLNRWQQLHPGFEQDIYDAIAPRQVVAARLSEGGTGFAQVEKQLQRWRPVLA
74	204	MSIFVGNLPFRAEQEDIIELFASFGEVANCSLPLERDTGRKRGFAFVEMADEATEERAIEGLQGTELMGRPLRINKAEPRGSRGGGGGGGYGGGGGGRGGYGGGGGGRGGYGGGGGGYGGGGGGYGGGGGGYGGGGGGYGGGGGGGERASGARGWEDRSYGGGGGGGEPSRDSFDEGRSRRRRGGGGGGESSGGDWGDYGGAEG
75	315	MMDYTDRHFRVVMRQVSRHALLYTEMVVAQALHHGRQDTLLGFDPLEKPIALQLGGDDPALLAEAAELAERWGYDEINLNVGCPSPKVKKGRFGACLMAEPQQVARCVEAMGAACRLPVTVKHRIGIDERDSYDELLDFVDTVAAAGCQRFAVHARKAWLEGLDPKQNRTVPPLRYDLVHALKRDRPALIVELNGGLESLSACQEQLHAVDGVMVGRAAYAHPLQWNRVDQEIFGDSNATPIKASEVLQGVLPHAEHWCSSGGRLWPIARHLVHLVEGVSGARYWRRQLSVEASDRSARPDVLERAMRQLQERGL
76	171	MLQSDLPRPMAQWPRRSLLQAAAAVFGSLFRPKAALAASAADPAWQLSDQQWRERLSPEAFRVLRQEGTEPPFSSPLNNEKRPGTFVCAGCQQPLFASSTKFDSGTGWPSFWQPLPDAIDTQVDFRLIIPRTEYHCRRCGGHQGHVFNDGPRPTGQRYCNNGVALAFVPDA
77	418	MPEAGSPVPLVVAGGGAAGFMAAITAAEAGVPQVQLWEATAEPLSKVRISGGGRCNVTHACWDPRELVGHYPRGSRPLRGPFSRFAAGDAVAWFADRGVELVEEADGRMFPASNRSSSVIEALRQAARSAGVQLLPKRALQGVRPIEGGGFALQARGDSTSVVAQRLLLATGGHPSGRQLAQALGHQVVAPVPSLFTLRVQAPWLNALAGLSQSPVAMELSVGEERFRQQGIVLLTHWGLSGPGVLRLTAFAARALQQQRYLAELRLNWCGGMNESVVRDELSQARQGLAKKQLANGRPELLMLLRRRLWLALLQQAGLDPALSWAELPRRGEQALLELLLRCRLPVTGRGPFGEEFVTAGGVELGEVNLSSMESRLVGGLYFAGELLDIDGVTGGFNFQHCWSSGWIAGQAIAMGLT
78	409	MATQAFIATYKDRRGKEKSLKLKAADLASAKRNLRKRGILALSLKADSGSSEKVQRGLSLSLEKAPGVKEKAVFASQMAALVSAGVPIVRSLEILAEQQKLPMFKRALQRLSLDVNQGSSLGSALRRWPQVFDALSVAMVEAGEAGGVLEEVLKRLAKLLEDNAKLQNQIRGALGYPVTVLVIAIAVFLGMTIFLIPTFAGIFEDLGAELPAFTQLMVNLSALLRSSFSLYLAGGLLLLLFVMKRAYGTKLGRRRMDGLMLRVPLFGDLIRKTATAQFCRTFSSLTRAGVPILMALDIVRDTVGNRVLAEAIESAKVEVQEGGTLSLALARRKVFPSMAMSMLLIGEESGEVDAMLSKVADFYEDEIAATVKAMTAMLEPAMIVVVGGIVGSILLAMYLPMFSVFENIK
79	358	MELQIETLMEQLVEKGGSDLHLSAGLPPYGRFSGALKPMHEAPLAEESCNRLIFSLLNNNQRKQLEQNWELDCSYGLKGVARFRVNVYREKGCYAACLRALGSSIPSLQQLGLPDVVREISERPRGLVLVTGPTGSGKTTTLAALLNHINQQRAEHILTVEDPIEFVYKSERSVIHQRELGEDTRSFANALKAALREDPDVILVGELRDLETIQLAITAAETGHLVFGTLHTSSAAQTVDRMVDVFPPEQQTQIRVQLSGSLVAVFAQTLCRRLNPPPGAFGRVMAQEIMVNTPALANLIREGKTAQIYSQLQTGGQYGMQTLERALANLVDGGQVERGEALSKASKPDELMRLLGEA
80	466	MERFELDESFESFAPPPPPDGPDLVESANDRDASPVIQLADRILVQALSRQASDIHIEPQEDGLHVRLRLDGVLQNAFETLPAKVIPALTSRFKIMADLDIAERRQPQDGRIRRRYQGNTVDFRVSVLPSRFGEKIVLRLLDSSATELGLDLLITDSQALAEVRDMGSKPYGILLVTGPTGSGKSTTLYSLLAERNDPGLNISTVEDPIEYTLAGITQTQVNREKGVDFAKALRAFMRQDPDVLLVGETRDLETAKTALEAALTGHLVLTTLHCNDAPSAVARLEEMGVETYLLSASLIGVLSQRLLRKLCTHCRQPYQPKEATLARFGLEASQNSSISFFQPPANNTCSHCHGLGYKGRIGVYEVMRVNEVMAEAIGQGAGTDQLRHLALSNGMKTLLGYGLELARQGHTSLEEVERVLLTDSGLEQEIRARNLSTATCVGCGAGLRDEWLDCPYCLTPRGTLQR
81	214	SASLGAIPQTTLLPDENLRCGIGAGAYANQWAGSFGCAVKMQERFFLNAGLASTTTNTLGGPLMGRVGFSFGFGGSPPKAQSEQLSSIPGMNGLTVSAQEYMGAGVDIPALDKSSDQVESTVVAALRTQDSSDIQVLRDRLAELEAEIKRLNSTSVGDANQRIATLEILLEEKKESERRLLTMLSEMKSRLDDQRIMIDRLMKRMDSEDAQQAS
82	462	METPFNSGLIATGGKDLDSTGYAWWAGNARLINLSGRLLGAHVAHAGLMVFWAGAMMLFEVSHFTFDKPMYEQGLILFPHVATLGYGVGPGGEVTDLYPFFVVGVLHLISSAVLGLGGLYHALRGPEILENYSTFFSQDWRDKNQMTNIIGYHLILLGVGCLLLVFKAMFFGGVYDTWAPGGGDVRLITNPTLDPGVIFGYLFRAPFGGEGWIIGVNSMEDIIGGHIWLGLTCIFGGIWHVTTKPFGWVRRAFIWNGEAYLSYSLGALSFMSFIASAFIWFNNTAYPSEFYGPTNAESSQAQSFTFLVRDQRLGANIGSAMGPTGLGKYLMRSPTGEIIFGGETMRFWDFRGPWLEPLRGPNGLSLDKLQNDIQPWQVRRAAEYMTHAPNASLNSVGGIITEPNSVNFVNIRQWLSATQFVLAFFFLVGHLWHAGRARAAAAGFEKGIDRSAEPSLAMPDLD
83	23	APADQPHENFVFPEEVLPRGNAL
84	55	MFRYKGFQVTGFPPATFAEIVNVAGYPTACGYPHPFSLMTIAVGRAPQRGWFDVL
85	178	MAADLLEQPVVGSRRLSNVLVAGMVTIGGVGFLFASLSSYLGRDLLPLGHPAGLVFVPQGLVMGLYSIAAALLATYLWTVIAIDVGAGMNRFDKASGVVTISRRGFRKPISVEIPIKDIKAVKVEVRDGFNTRRRVSLRVQGRRDMPLTRVGEPLPLAQLEQDGAELARFLNVNLEGL
86	229	MIRQSLQSLLTLALCLPLLVSCASSTTASMPVGCDQASSPCLQGKASVELTTSKGSITLELDGDAAPVTAGNFLDLVQRGAYNGTVFHRVVRDPVPFVIQGGDPSSSDPATPKSQYGTGSFVDPTTGQARFVPLELSFNGEDQPRYGRVVSNPTELLQLKLSHERGALAMARSQAPDSASAQFYIALKPLPELDGRYAVFGRVTEGLDVVDAIRQDDTLVKARVLTPGL
87	176	MKHTLSVLVEDESGALSRIAGLFARRGFNIDSLAVGPAEAVGRSRLTMVVEGDEQTVQQMTKQLDKLVNVLQVLDLSQRPAVERELMLMKVSAPAAQRSAILELVQVFRAKVVDVADDALTLEVVGDPGKLVALERLMTPYGIEEIARTGKVALERASGVNTEMLKASSSGGRVPA
88	303	MNLNCHWRVLGETSATPIVLIHGFGASSSHWRHNAGALAAAGYQVFSLDLIGFGRSDQPGLNRRYSLNNQFWSRQLAAFLEEVVEQPAVLVGNSLGGLTVLTTAALRPELVKAAIAAPLPDPTLLRPLPKQQARWLERLRRITVTAICRLLPLELIVPLIARTPLLRAGLQGAYQRSIRSDRELQALIAQPALRVTAARSLRAMSVGMALRPRNATAPVLLQRLQTLRNTPPVLLLWGRQDRFVPLMIGELVKSQHPWVELKVIENAGHCPHDETPELFHLELLHWLDRNLGGTSATGIGHQE
89	337	MAGCGIRGLRWGLEAYPEARPDLELWLNDADPDRSSLLASNLQLLQGIRGVSLTTTHRAAERLLRQAYLDQTFFDLIDMDAFGCPNALLQSALAVLRFDGLLVLASTDGRSPTGHDRPAAVRHFGAAARAHPASWELALRLQLAVLAREAWQLGRGLEPVASFSEGRTFRLAVRLRQRLAADEESQLGLLARCERCGDQAVQPLLKLSGWRSCRCTDGQGKWAITGPLWLGPLQMPAVLGQLLKLADSHPDTLSSAGRRLLQRLQSDCGLPVCCWSTAELASRLSLAGTPPLQELIQSLQSAGHQACPSAVMTGQLRTDAPMAELLQQCVQHVTGDR
90	32	MASEIFGIAAVFWVLIPVGLAGGALLLKLQKD
91	320	MQVLVVGGTGTLGRQIARRALDQGHDVRCMVRTPRKASFLQEWGCELTRGDLLNPASLDYALDGVDAVIDAATSRPDDPKSVYQTDWDGKLNLLRACERSGVNRFVFLSLLKSEQHRDVPLMDIKYCTEKLLKESELDYTILQGVAFMQGVISQFAIPVLESQTVWVSGSPTSIAYMNTQDMARFAVAALDHAETVRKTFPVVGPKAWNSGEVVQLCERAADKSARVFRVPSFIMRFTEGMCSFFEPAVNVAERLAFAEVSGGGVSMDAPMEETYQSFGIDPGEITHLEDYVKEYYDSILKRLREMEADLDKDAKKKLPF
92	71	MSVAQVKNLQRRLENLAREAETELDRTCGHDLWRSVGFDAFDSLDDSDRRASANYYYGQWSTVRELQEALG
93	259	MSEGCCGPALDQTQAVEERYGAAALEQEACLCTPVDFDASLLEVIPEEVVERDYGCGNPTRWVRSGDTVLDLGSGSGKNAFICAQVVGAGGAVIGVDRNADMLELARVAAPVVAERVGFSNVQFLEGSIEALDALTPTGELLIPSASIDVVLSNCVLNLVNPSARAALLANIRRVLRPSGRVAISDIVCDRPVPQHLQQDPDLWSGCISGAWEEQAFLADFRALGFEDVRYADRSAQPWRVVEGIEFRAVTLTGVLAVG
94	160	MLLLTANGRLQQRLTNPRFGHWRTYWVQVEGSPDQAQLDALCNGVMVKQQLTKPARAQRLAAEHQQTLTQRNPPIRTRLSIPTAWLELSLREGRNRQVRRMTAAVGLPTLRLIRHSIDLMDGGLPLSIRGLASGQWRELAADEHQRLVALLNQQPRRRSV
95	98	MACEAEPSGVVSEADQQRFPPAGSIVDVVIMQVLHFFRLHSHHGGLGEHVPLFLGQVHHMHGSRGLTHLFADLGIRLRQVYERGESGLGHGDLAFPKD
96	100	MQKRFAGQCRRMIETSGVIEKEQGNGFYLVTLEQPAGHQCLCRAAGKLTKFRIKLLAGDKVLVEISPYDLTRGRITYRERNAGAPGGRPGGNRPGGPRRR
97	453	MAVENLVIVGSGPAGYTAAIYAARANLNPLLITGFQTGGIPGGQLMTTTHVENFPGFPDGVLGPDLMDLMKAQATRWGTRLLEADADRIDLSQRPYRIEVEGLIVESQSVIIATGARANRLGLPNEERFWSKGISACAICDGATPQFRNEQLAVVGGGDSACEEAVYLTKYGSHVHLLVRSDRLRASAAMRDRVLANPQISVHWNTQVSDVRGDNWLSSLNLHRRDSGLDEELAVRGMFYAIGHTPNTELVRDQLDCDPIGYLITQAGRPETSMEGVFAAGDVADGEWRQGVTAAGSGCQAALAAERWLSHHHLATLVSRDHSEPVKAETPQSTAETTEATYNSNALWQKGSYALRKLYHDSNRPLLVVYTSPSCGPCHVLKPQLQRVLDELHGEAQGIEIDIETDQEIAQQAGVNGTPTVQLFFAKQLKQQWRGVKQRSEFMDSIRSVLTEA
98	82	MDAAIERRVNVATCWATTRIAVLDSTERYEDSYALTQEFREWITCLGEHPELLEDSVLSVQRTQGKHHHLELDGAADGAIEI
99	415	MQSEGRLQRALIFCHRTSILSQWQGAAAQLGLRLDLWNGPKSASDAADGWLISYQGAGRQQEALKTELGRWNQELLLAIADEAHHLGVDPDEPDGPVWGRTFLELSSHARLRLGLTGTPFRADNLAFCAARRVRVEEAGQLVEQIHPDLSVEPRELIEAGDVRPLEFRFQDGWVEHGQEGLPDREVSPLSAEQRESWRARNLRRAIRLSDSSSIAQLLLLRARTKLESVRKRHPRAGGLVIARDIEHARSITLLLEEEGDQVDLVHSQDPGAPERLNGFQCGEADWLVSIDMCAEGFDASRLRVVAYLTTVVTRSRFVQGITRAVRMCSERASLEAVPREPSYVFAPADPLLMQYARSWSLSEPYRIAAPQRAEDSDSDLAGDWRGPSLPMEAIEDGAGAVIRMRTPQLPRFLQR
100	58	MARSLLRYSSSPDSRRCLERCWTLECDLDPLILRVRLLHGQGLRPQALAVEEELQPMF
